"key_algorithm_oid","test_result"
"1.3.6.1.4.1.2.267.7.4.4","Y"
"1.3.6.1.4.1.2.267.7.6.5","Y"
"1.3.6.1.4.1.2.267.7.8.7","Y"
"1.3.9999.3.1","N"
"1.3.9999.3.4","N"
"2.16.840.1.114027.80.5.1.1","N"
"2.16.840.1.114027.80.5.1.14","N"
"2.16.840.1.114027.80.5.1.2","N"
"2.16.840.1.114027.80.5.1.3","N"
"2.16.840.1.114027.80.5.1.5","N"
"2.16.840.1.114027.80.5.1.6","N"
"2.16.840.1.114027.80.5.1.8","N"
"2.16.840.1.114027.80.5.1.9","N"
