key_algorithm_oid,test_result
1.3.6.1.4.1.2.267.7.8.7,N
1.3.6.1.4.1.2.267.7.4.4,N
1.3.9999.6.9.3,N
1.3.6.1.4.1.2.267.7.6.5,N
2.16.840.1.114027.80.4.1,N
1.3.9999.3.1,N
1.3.9999.3.4,N
1.3.9999.6.7.4,N
1.3.9999.6.8.3,N
1.3.6.1.4.1.22554.5.6.3,N
1.3.6.1.4.1.22554.5.6.2,N
1.3.6.1.4.1.22554.5.6.1,N
