key_algorithm_oid,ta,ca,ee,crl_ta,crl_ca
1.2.840.10045.2.1,Y,Y,Y,,
1.3.6.1.4.1.22554.5.6.1,Y,Y,N,,
1.3.6.1.4.1.22554.5.6.2,Y,Y,N,,
1.3.6.1.4.1.22554.5.6.3,Y,Y,N,,
1.3.6.1.4.1.2.267.7.4.4,Y,Y,Y,,
1.3.6.1.4.1.2.267.7.6.5,Y,Y,Y,,
1.3.6.1.4.1.2.267.7.8.7,Y,Y,Y,,
1.3.9999.3.1,N,N,N,,
1.3.9999.3.4,N,N,N,,
1.3.9999.6.7.4,Y,Y,Y,,
1.3.9999.6.8.3,Y,Y,Y,,
1.3.9999.6.9.3,Y,Y,Y,,
2.16.840.1.114027.80.4.1,N,N,N,,
2.16.840.1.114027.80.4.1.2,N,N,N,,
