key_algorithm_oid,test_result
2.16.840.1.101.3.4.4.1,Y
2.16.840.1.101.3.4.4.2,Y
2.16.840.1.101.3.4.4.3,Y
2.16.840.1.114027.80.5.2.82,Y
2.16.840.1.114027.80.5.2.81,Y
2.16.840.1.114027.80.5.2.85,Y
2.16.840.1.114027.80.5.2.78,Y
2.16.840.1.114027.80.5.2.79,Y
2.16.840.1.114027.80.5.2.76,Y
2.16.840.1.114027.80.5.2.74,Y
2.16.840.1.114027.80.5.2.75,N
