key_algorithm_oid,test_result
1.3.6.1.4.1.22554.5.6.1,Y
1.3.6.1.4.1.22554.5.6.2,Y
1.3.6.1.4.1.22554.5.6.3,Y
1.3.6.1.4.1.2.267.7.4.4,Y
1.3.6.1.4.1.2.267.7.6.5,Y
1.3.6.1.4.1.2.267.7.8.7,Y
1.3.9999.3.1,N
1.3.9999.3.4,N
1.3.9999.6.7.4,Y
1.3.9999.6.8.3,Y
1.3.9999.6.9.3,Y
