key_algorithm_oid,test_result
2.16.840.1.114027.80.5.1.1,N
2.16.840.1.114027.80.5.1.2,N
2.16.840.1.114027.80.5.1.8,N
