key_algorithm_oid,test_result
1.3.6.1.4.1.22554.5.6.1,Y
1.3.6.1.4.1.22554.5.6.2,Y
1.3.6.1.4.1.22554.5.6.3,Y
