key_algorithm_oid,test_result
2.16.840.1.101.3.4.3.26,Y
2.16.840.1.101.3.4.3.27,Y
2.16.840.1.101.3.4.3.28,Y
2.16.840.1.101.3.4.3.29,Y
2.16.840.1.101.3.4.3.30,Y
2.16.840.1.101.3.4.3.31,Y
2.16.840.1.101.3.4.3.17,Y
2.16.840.1.101.3.4.3.18,Y
2.16.840.1.101.3.4.3.19,Y
2.16.840.1.114027.80.8.1.23,Y
2.16.840.1.114027.80.8.1.30,Y
