key_algorithm_oid,test_result
1.3.9999.3.6,Y
1.3.9999.3.9,Y
1.3.9999.6.4.13,Y
1.3.9999.6.4.16,Y
1.3.9999.6.5.10,Y
1.3.9999.6.5.12,Y
1.3.9999.6.6.10,Y
1.3.9999.6.6.12,Y
2.16.840.1.101.3.4.3.17,Y
2.16.840.1.101.3.4.3.18,Y
2.16.840.1.101.3.4.3.19,Y
2.16.840.1.114027.80.8.1.22,Y
2.16.840.1.114027.80.8.1.24,Y
2.16.840.1.114027.80.8.1.27,Y
2.16.840.1.114027.80.8.1.28,Y
2.16.840.1.114027.80.8.1.31,Y
2.16.840.1.114027.80.8.1.35,Y
