key_algorithm_oid,test_result
2.16.840.1.101.3.4.3.17,Y
2.16.840.1.101.3.4.3.18,Y
2.16.840.1.101.3.4.3.19,Y
2.16.840.1.101.3.4.3.26,N
2.16.840.1.101.3.4.3.27,N
2.16.840.1.101.3.4.3.28,N
2.16.840.1.101.3.4.3.29,N
2.16.840.1.101.3.4.3.30,N
2.16.840.1.101.3.4.3.31,N
2.16.840.1.114027.80.8.1.23,N
2.16.840.1.114027.80.8.1.30,N
