key_algorithm_oid,test_result
2.16.840.1.114027.80.8.1.10,
2.16.840.1.114027.80.8.1.11,Y
2.16.840.1.114027.80.8.1.12,
2.16.840.1.114027.80.8.1.13,
2.16.840.1.114027.80.8.1.1,
2.16.840.1.114027.80.8.1.2,Y
2.16.840.1.114027.80.8.1.3,
2.16.840.1.114027.80.8.1.4,Y
2.16.840.1.114027.80.8.1.5,
2.16.840.1.114027.80.8.1.6,
2.16.840.1.114027.80.8.1.7,Y
2.16.840.1.114027.80.8.1.8,Y
2.16.840.1.114027.80.8.1.9,
